[
    {
        "soal": "Matahari tenggelam di sebelah…",
        "jawaban": "Gawat",
        "keterangan": "Gawat kalau matahari tenggelam di sebelah kita"
    },
    {
        "soal": "Galang menyimpan buku di…",
        "jawaban": "Mas",
        "keterangan": "Bukunya dimas dipinjam galang kemarin sore."
    },
    {
        "soal": "Bersatu kita teguh bercerai kita——-",
        "jawaban": "Sedih",
        "keterangan": "Siapa yang gak sedih cerai sama istri??"
    },
    {
        "soal": "Makanan yang dibungkus daun pisang?",
        "jawaban": "Lontong",
        "keterangan": "Gampang kan? suka ga sama lontong?"
    },
    {
        "soal": "Apabila mengendarai mobil wajib bawa",
        "jawaban": "Satu",
        "keterangan": "Kalo bawa 2 gimana mengendarainya"
    },
    {
        "soal": "Mawar melati semuanya…",
        "jawaban": "Bunga",
        "keterangan": "Kalo bukan bunga apa coba, hewan?"
    },
    {
        "soal": "Jangan membuang tisu di…",
        "jawaban": "Tempatnya",
        "keterangan": "Masih di tempatnya kok di buang"
    },
    {
        "soal": "Ketika _____ orang biasanya makan.",
        "jawaban": "Marah",
        "keterangan": "Orang marah apa enggak ya pasti makan.."
    },
    {
        "soal": "Burung adalah hewan yang bisa..",
        "jawaban": "Temenan",
        "keterangan": "Kan kalo terbang rame-rame kan sama temennya.."
    },
    {
        "soal": "Hewan yang suka buka mulut lebar",
        "jawaban": "Kenaflu",
        "keterangan": "Itu karena ga bisa napas idungnya mampet.."
    },
    {
        "soal": "Hewan yang berubah warna kalau ada musuhnya?",
        "jawaban": "Bengong",
        "keterangan": "Karena, musuhnya bengong lihat hewan berubah warna"
    },
    {
        "soal": "Artis wanita yang punya kumis tipis",
        "jawaban": "Ihkumisan",
        "keterangan": "Ih kok kumisan sih.."
    },
    {
        "soal": "Pintu biasa di….",
        "jawaban": "Tekan",
        "keterangan": "Kalau anda biasa keatm kan pin tu ditekan"
    },
    {
        "soal": "Lebak bulus",
        "jawaban": "Terkenal",
        "keterangan": "Karena lebak bulus,cililitan semua orang tau maka nya terkenal"
    },
    {
        "soal": "Seorang matador bisa terluka karena diseruduk..",
        "jawaban": "Biskota",
        "keterangan": "Mau banteng, mau bis kota, tetep aja bisa terluka.."
    },
    {
        "soal": "Cermin jika di lap jadi…",
        "jawaban": "Cermin",
        "keterangan": "Ya masa berubah, yaa tetap cermin"
    },
    {
        "soal": "Batik merupakan produk asli dari…",
        "jawaban": "Manusia",
        "keterangan": "Sejauh ini belum ada mahluk lain yang bisa"
    },
    {
        "soal": "Kendaraan yang suka dipake tukang ojek?",
        "jawaban": "Mogok",
        "keterangan": "Motor emang suka mogok"
    },
    {
        "soal": "Binatang apa yang ga bisa bergerak?",
        "jawaban": "Paus",
        "keterangan": "Kalau game di paus(e) kan berhenti main nya"
    },
    {
        "soal": "Sehabis olahraga",
        "jawaban": "Airminum",
        "keterangan": "Abis olahraga pasti haus kan"
    },
    {
        "soal": "Di tiup angin berkibar di setiap negara",
        "jawaban": "Jemuran",
        "keterangan": "Disetiap negara orang menjemur pakaiannya"
    },
    {
        "soal": "Kalo haus minum",
        "jawaban": "Aja",
        "keterangan": "Kalo haus minum"
    },
    {
        "soal": "Yang bikin harum",
        "jawaban": "Pfffht",
        "keterangan": "Kan bunyi pengharum ruangan pffht"
    },
    {
        "soal": "Hayam wuruk memerintah kerajaan?",
        "jawaban": "Jamandulu",
        "keterangan": "Ya iyalah… masa jaman sekarang"
    },
    {
        "soal": "Malam apa yang paling indah?",
        "jawaban": "Malamarkamu",
        "keterangan": "Eaa…eaa…eaa.."
    },
    {
        "soal": "Makanan khas indonesia dari kedelai yang sudah mendunia",
        "jawaban": "Lezat",
        "keterangan": "Memang tempe lezat nan bergizi"
    },
    {
        "soal": "Hewan tinggal disawah",
        "jawaban": "Bandel",
        "keterangan": "Lintah tinggalnya disungai suka hisap darah orang ya, sudah bandel namanya"
    },
    {
        "soal": "Makanan harus di….",
        "jawaban": "Masak",
        "keterangan": "Hmm kira kira lagi masak apa yah…"
    },
    {
        "soal": "Pelat nomer kendaraan a berasal dari?",
        "jawaban": "Samsat",
        "keterangan": "Karena samsat merupakan institusi yg berhak mengeluarkan plat kendaraan bermotor."
    },
    {
        "soal": "Hujan deres bikin …",
        "jawaban": "Basah",
        "keterangan": "Kalau panas pasti kering"
    },
    {
        "soal": "Makan dianjurkan pakai tangan…",
        "jawaban": "Benar",
        "keterangan": "Kanan atau kiri boleh kok, kanan lebih bagus sih katanya"
    },
    {
        "soal": "Apa yang tidak boleh di bawa kepesawat",
        "jawaban": "Sendiri",
        "keterangan": "Karena kalo kita bawa sendiri nanti jatuh"
    },
    {
        "soal": "Alpukat",
        "jawaban": "Bisa",
        "keterangan": "Memang bisa disebut"
    },
    {
        "soal": "Bekas pacar disebut",
        "jawaban": "Jangan",
        "keterangan": "Nanti pacar yang sekarang marah"
    },
    {
        "soal": "Di akuarium ada ikan 10 mati 2 tinggal",
        "jawaban": "Dibuang",
        "keterangan": "Kalo ga di buang, ikan yang laen jadi ikutan mati"
    },
    {
        "soal": "Tidak masuk kerja karena hari..",
        "jawaban": "Diphk",
        "keterangan": "Ya kan si hari kalo di phk ga usah masuk kerja lagi.."
    },
    {
        "soal": "Tinky winky",
        "jawaban": "Tenarsekali",
        "keterangan": "Nama nama tersebut sudah terkenal di semua kalangan"
    },
    {
        "soal": "Cicak jatuh ke…",
        "jawaban": "Bacok",
        "keterangan": "Di bacok mah jatuh"
    },
    {
        "soal": "Mulutmu ………..",
        "jawaban": "Hanyasatu",
        "keterangan": "Mulut kan emang cuma satu"
    },
    {
        "soal": "Yang menyebabkan haus saat romadhon",
        "jawaban": "Cuaca",
        "keterangan": "Kalo panas pasti bikin haus, kalau puasa laper juga yah…"
    },
    {
        "soal": "Kirimin uang lewat atm?",
        "jawaban": "Thanksya",
        "keterangan": "Thanks ya sudah diterima"
    },
    {
        "soal": "Burung terbang dengan?",
        "jawaban": "Semaunya",
        "keterangan": "Iya kali kucing terbang.."
    },
    {
        "soal": "Ada udang di balik…",
        "jawaban": "Gnadu",
        "keterangan": "Itu fakta"
    },
    {
        "soal": "Es es apa yang bisa jalan",
        "jawaban": "Eskalator",
        "keterangan": "Kalau ga jalan bukan es kalator tapi tangga kalator"
    },
    {
        "soal": "Hati senang walaupun tak punya",
        "jawaban": "Kaca",
        "keterangan": "Kaca juga gak penting penting amat"
    },
    {
        "soal": "Suami bu camat?",
        "jawaban": "Laki",
        "keterangan": "Karena kalo gak laki lesbi, dosa…"
    },
    {
        "soal": "Tak kenal maka tak",
        "jawaban": "Undang",
        "keterangan": "Orang ga kenal masak di undang"
    },
    {
        "soal": "Hewan yang melolong dimalam hari…",
        "jawaban": "Terinjak",
        "keterangan": "Kasian kaki nya keinjak"
    },
    {
        "soal": "Api dipegang terasa?",
        "jawaban": "Susah",
        "keterangan": "Api dipegang susah lah panas lagi"
    },
    {
        "soal": "Dalam permainan bulutangkis",
        "jawaban": "Iya",
        "keterangan": "Coba nonton bulutangkis pasti nama indonesia disingkat"
    },
    {
        "soal": "Ada guling ada…",
        "jawaban": "Benang",
        "keterangan": "Kalo ga ada benang jahitnya pake apa"
    },
    {
        "soal": "Andi basah kuyup karena?",
        "jawaban": "Husen",
        "keterangan": "Karena diceburin si husen ke kolam, nakal banget yah…"
    },
    {
        "soal": "Matahari terbenam hari mulai",
        "jawaban": "Pulang",
        "keterangan": "Udah malam kalo gak pulang, hari dicariin ibunya"
    },
    {
        "soal": "Supaya bersih kita mandi dengan……..",
        "jawaban": "Yakin",
        "keterangan": "Kalo nggak yakin mending nggak usah mandi"
    },
    {
        "soal": "Orang berjalan di atas air tidak pakai",
        "jawaban": "Otak",
        "keterangan": "Udah tau ada jalanan kenapa harus jalan di air"
    },
    {
        "soal": "Seorang anak belajar biar…",
        "jawaban": "Kanaja",
        "keterangan": "Klo dilarang, ntar gak pintar-pintar"
    },
    {
        "soal": "Hewan pemakan segala?",
        "jawaban": "Rakus",
        "keterangan": "Semuanya dimakan"
    },
    {
        "soal": "Burung terbang menggunakan..",
        "jawaban": "Semangat",
        "keterangan": "Klo ga semangat pasti lemes tuh."
    },
    {
        "soal": "Beli lampu biasanya di",
        "jawaban": "Coba",
        "keterangan": "Anda kalau beli lampu pasti dicoba dulu"
    },
    {
        "soal": "Jangan berteman dengan orang",
        "jawaban": "Hilang",
        "keterangan": "Gimana cara nya…"
    },
    {
        "soal": "Orang menyebrang sungai biasanya dibangun…",
        "jawaban": "Kanjalan",
        "keterangan": "Masa orang nyebrang gak pake jalan"
    },
    {
        "soal": "Ketika lapar biasanya?",
        "jawaban": "Malas",
        "keterangan": "Karena tidak punya tenaga jadinya malas"
    },
    {
        "soal": "Rajin pangkal…",
        "jawaban": "Punya",
        "keterangan": "Kalo ga rajin ya ga dapat hasil"
    },
    {
        "soal": "Badan usaha milik negara bisa disingkat ….",
        "jawaban": "Bisa",
        "keterangan": "Emang bisa disingkat kan"
    },
    {
        "soal": "Genteng dibuat karena",
        "jawaban": "Butuh",
        "keterangan": "Kalo nggak butuh ngapain buat genteng"
    },
    {
        "soal": "Jawab dengan benar. dunia ini terdiri dari lima …",
        "jawaban": "Benar",
        "keterangan": "Kan sudah saya bilang jawab dengan benar"
    },
    {
        "soal": "Kalo mau naik kereta biasanya di…",
        "jawaban": "Anterin",
        "keterangan": "Iya lah dianterin ke stasiunya, entah itu yang ngaterin saudara, temen, atau tukang ojek."
    },
    {
        "soal": "Gosoklah gigi sebelum ?",
        "jawaban": "Ancur",
        "keterangan": "Kalau udah ancur susah gosoknya"
    },
    {
        "soal": "Orang bingung mikir",
        "jawaban": "Sangatlama",
        "keterangan": "Yaaa..kaya kamu itu"
    },
    {
        "soal": "Kecoa",
        "jawaban": "Bedabeda",
        "keterangan": "Kalo disebutnya sama jadinya, semut..semut..semut.."
    },
    {
        "soal": "Presiden pertama indonesia",
        "jawaban": "Seorang",
        "keterangan": "Memang pasti satu"
    },
    {
        "soal": "Orang biasa mengirim surat di…",
        "jawaban": "Kantongin",
        "keterangan": "Dikantongin dulu, baru ke kantorpos"
    },
    {
        "soal": "Perbedaan kambing dengan domba",
        "jawaban": "Dikit",
        "keterangan": "Beda bulu saja coy"
    },
    {
        "soal": "Berakit-rakit ke hulu",
        "jawaban": "Sungai",
        "keterangan": "Sebenernya bisa ke danau, tapi saya lagi kepingin sungai.."
    },
    {
        "soal": "Olahraga membuat badan…",
        "jawaban": "Salah",
        "keterangan": "Ya masa olahraga membuat badan,ya salah!!"
    },
    {
        "soal": "Yang pertama menemukan benua amerika",
        "jawaban": "Bukangue",
        "keterangan": "Ya emang bukan gue, yang nemuin tu colombus.."
    },
    {
        "soal": "Malam apa yang menyedihkan",
        "jawaban": "Malamun",
        "keterangan": "Iya, kayak kamu..jangan sedih…puk..puk.."
    },
    {
        "soal": "Satu ditambah satu..",
        "jawaban": "Dua",
        "keterangan": "Gitu aja susah.."
    },
    {
        "soal": "Sma adalah sekolah menengah..",
        "jawaban": "Aman",
        "keterangan": "Kalo ga aman namanya bukan sekolahan.."
    },
    {
        "soal": "Apakah yang dilakukan orang ketika sakit?",
        "jawaban": "Pulang",
        "keterangan": "Bener kan pulang.. kan lagi sakit, gimana sih.."
    },
    {
        "soal": "Yang suka makan pisang?",
        "jawaban": "Banyak",
        "keterangan": "Gak cuma monyet yang suka, dari kalian ada yang suka kan?"
    },
    {
        "soal": "Menjelang lebaran kita tidak diwajibkan membeli?",
        "jawaban": "Paku",
        "keterangan": "Ngapain beli paku mending beli baju"
    },
    {
        "soal": "Tulang yg berwarna biru apa ayo…",
        "jawaban": "Tulangit",
        "keterangan": "Warnanya biru kan"
    },
    {
        "soal": "Sebelum terbang biasanya pilot..",
        "jawaban": "Pamitan",
        "keterangan": "Biar ga dicariin kayaknya.."
    },
    {
        "soal": "Temen yang susah ditemui biasa lagi",
        "jawaban": "Pdkt",
        "keterangan": "Cieee eee cieee"
    },
    {
        "soal": "Kura-kura dibalik?",
        "jawaban": "Kasihan",
        "keterangan": "Kasihan dong nanti ga mbalik-mbalik lagi"
    },
    {
        "soal": "Sepuluh di tambah enam sama dengan enam……",
        "jawaban": "Salah",
        "keterangan": "Sepuluh di tambah enam ko enam"
    },
    {
        "soal": "Mobil tidak bisa jalan maju sebab…",
        "jawaban": "Parkir",
        "keterangan": "Lagian ngapain mobil parkir di majuin"
    },
    {
        "soal": "Nama binatang yang di ulang..",
        "jawaban": "Jarang",
        "keterangan": "Jarang kan coba sebutkan.."
    },
    {
        "soal": "Lari itu bikin",
        "jawaban": "Salah",
        "keterangan": "Lari ya lari, bikin ya bikin.."
    },
    {
        "soal": "Telor apa yang sering ditakuti..",
        "jawaban": "Telorasin",
        "keterangan": "Liat tuh ada tato nya, bikin ngeri,,"
    },
    {
        "soal": "Yang tersedia dirumah makan padang",
        "jawaban": "Recehan",
        "keterangan": "Biar ada kembaliannya kan.."
    },
    {
        "soal": "Indonesia negara dengan tanah?",
        "jawaban": "Airbeta",
        "keterangan": "Merdekaaaa"
    },
    {
        "soal": "Tidak ditemukan",
        "jawaban": "Dicuri",
        "keterangan": "Maling emang kurang ajar"
    },
    {
        "soal": "Yang membatalkan puasa",
        "jawaban": "Adzan",
        "keterangan": "Kirain udah adzan mahgrib, ternyata masih dzuhur"
    },
    {
        "soal": "Hewan ada di kebun binatang",
        "jawaban": "Iya",
        "keterangan": "Iya betulkan hewan ada di kebun binatang"
    },
    {
        "soal": "Apa fungsi rem?",
        "jawaban": "Ngebut",
        "keterangan": "Coba kalau ga ada rem. berani kalian ngebut?"
    },
    {
        "soal": "Nenek moyangku seorang",
        "jawaban": "Pelatih",
        "keterangan": "Lah itu nenek saya, jadi terserah saya dong."
    },
    {
        "soal": "Air yang turun dari langit disebut?",
        "jawaban": "Hebat",
        "keterangan": "Kan hebat hujan bisa turun dari langit"
    },
    {
        "soal": "Ukuran tegangan listrik",
        "jawaban": "Waaw",
        "keterangan": "Nah, kalo teriak waaw nya kenceng tu berarti tegangannya gede.."
    },
    {
        "soal": "Hewan melompat",
        "jawaban": "Kagetloh",
        "keterangan": "Kalau ada hewan tiba tiba lompat pasti kaget"
    },
    {
        "soal": "Sepeda motor bisa berjalan karena rodanya berbentuk . .",
        "jawaban": "Biasa",
        "keterangan": "Kalo gak biasa, roda berbentuk kubus kan gak biasa itu."
    },
    {
        "soal": "Kebiasaan apa yang sering dilakukan supir angkot?",
        "jawaban": "Narik",
        "keterangan": "Ya kalo ga narik anak istri makan apa dong?"
    },
    {
        "soal": "Kalo gak kemana mana namanya",
        "jawaban": "Jodoh",
        "keterangan": "Ciye kalo jodoh gak bakalan kemana mana"
    },
    {
        "soal": "Ubi & singkong biasanya ditanam orang di…..",
        "jawaban": "Kubur",
        "keterangan": "Bisa dipanen pada usia 6-8 bulan"
    },
    {
        "soal": "Koran disebut surat……",
        "jawaban": "Salah",
        "keterangan": "Koran kok surat …"
    },
    {
        "soal": "Orang yang membantu menggunakan sabuk pengaman dan melayani kita di dalam pesawat disebut..",
        "jawaban": "Orang baik",
        "keterangan": "Ya namanya orang baik kan suka membantu.."
    },
    {
        "soal": "Hewan berkelompok",
        "jawaban": "Gerah",
        "keterangan": "Kan di dalam sarangnya banyakan jadi gerah"
    },
    {
        "soal": "Yang sering mendapat nilai 100 saat ulangan..",
        "jawaban": "Kertas",
        "keterangan": "Nilai 100 nya ada diatas kertas bukan?"
    },
    {
        "soal": "Tidak kering-kering karena masih..",
        "jawaban": "Getar",
        "keterangan": "Ya hape nya ga bunyi kring, makanya getar.."
    },
    {
        "soal": "Andi punya sepuluh buah apel",
        "jawaban": "Sepuluh",
        "keterangan": "Si andi pelit emang ga mau kasih apel nya"
    },
    {
        "soal": "Yang bisa menangkap penjahat di malam hari..",
        "jawaban": "Bangga",
        "keterangan": "Bangga dong bisa nangkap penjahat, ya gak?"
    },
    {
        "soal": "Vokalis naif……",
        "jawaban": "Dikit",
        "keterangan": "Setau saya david doang, satu dikit kan?"
    },
    {
        "soal": "Makan ketoprak sama gado gado kurang enak tanpa…",
        "jawaban": "Ketelen",
        "keterangan": "Karna kalo kaga ketelen kaga bisa rasain"
    },
    {
        "soal": "Hewan yang mempunyai sembilan nyawa adalah",
        "jawaban": "Mustahil",
        "keterangan": "Karena setiap makhluk hidup cuma punya satu nyawa"
    },
    {
        "soal": "Makanan pokok indonesia dari zaman dulu",
        "jawaban": "Basi",
        "keterangan": "Iya basi la… orang dari zaman dulu"
    },
    {
        "soal": "Tak ada …. yang retak",
        "jawaban": "Beling",
        "keterangan": "Namanya beling pasti retak.."
    },
    {
        "soal": "Biasanya orang minum pil karena..",
        "jawaban": "Ingat",
        "keterangan": "Bisa vitamin bisa obat"
    },
    {
        "soal": "Beras asal nya dari ?",
        "jawaban": "Bumi",
        "keterangan": "Padi berasal dari bumi, betul?"
    },
    {
        "soal": "Cara berhenti merokok adalah?",
        "jawaban": "Berenang",
        "keterangan": "Coba saja kalo tidak percaya"
    },
    {
        "soal": "Ayah tidak mau makan nasi lagi karena",
        "jawaban": "Kemakan",
        "keterangan": "Kalo nasi sudah kemakan kenyang"
    },
    {
        "soal": "Habis delapan",
        "jawaban": "Sembelit",
        "keterangan": "Banyakin sayur nya agar pencernaan lancar"
    },
    {
        "soal": "Kalau mau bisa bahasa inggris",
        "jawaban": "Keles",
        "keterangan": "Ya harus baca kalo ngga baca ngga mungkin bisa !"
    },
    {
        "soal": "Valentino rosi adalah pembalap yang berasal dari",
        "jawaban": "Ibunya",
        "keterangan": "Kalo bukan dari ibunya dari siapa"
    },
    {
        "soal": "Jalan diatas sungai untuk menyeberang sungai..",
        "jawaban": "Sembrono",
        "keterangan": "Masak jalan diatas sungai, kenapa ga naik jembatan.."
    },
    {
        "soal": "Api lilin mati jika ditutup gelas karena kurang",
        "jawaban": "Kerjaan",
        "keterangan": "Lilin sudah nyala kenapa dimatiin"
    },
    {
        "soal": "Menyanyi dalam bahasa inggris?",
        "jawaban": "Rihanna",
        "keterangan": "Pernah lihat rihana nyanyi bahasa indonesia?"
    },
    {
        "soal": "Meja memiliki kaki …",
        "jawaban": "Emang",
        "keterangan": "Emang meja punya kaki kan"
    },
    {
        "soal": "Cristiano ronaldo berasal dari?",
        "jawaban": "Papamama",
        "keterangan": "Benar, cr.ronaldo berasal dari papa sama mamanya"
    },
    {
        "soal": "Gajah hanya di",
        "jawaban": "Belakang",
        "keterangan": "Karena gajah huruf h nya ada di belakang"
    },
    {
        "soal": "Dalam ilmu fisika zat padat menjadi zat cair di sebut proses..",
        "jawaban": "Pegadaian",
        "keterangan": "Butuh dana cepat? 30 menit langsung cair!"
    },
    {
        "soal": "Ani menggambar segita sama",
        "jawaban": "Kiki",
        "keterangan": "Soalnya sedang kerja kelompok"
    },
    {
        "soal": "Tidak memilih saat pemilu",
        "jawaban": "Gaasik",
        "keterangan": "Pemilu menentukan nasib bangsa, ga milih ga asik"
    },
    {
        "soal": "Kaki panas karena kena",
        "jawaban": "Knalpot",
        "keterangan": "Panas kena knalpotnya"
    },
    {
        "soal": "Pencuri biasa mencuri di…",
        "jawaban": "Amdiam",
        "keterangan": "Kalo berisik nanti ketahuan"
    },
    {
        "soal": "Polisi mengatur jalan lalu …..",
        "jawaban": "Lancar",
        "keterangan": "Kan abis ngatur jalan, lancar dong"
    },
    {
        "soal": "Sedikit – sedikit lama lama jadi..",
        "jawaban": "Banyak",
        "keterangan": "Sedikit kalo ditambah terus kan jadi banyak"
    },
    {
        "soal": "…….. di balik batuu",
        "jawaban": "Uutab",
        "keterangan": "Benar, kalau uutab di balik jadi batuu"
    },
    {
        "soal": "Ada semut ada",
        "jawaban": "Enya",
        "keterangan": "Kalo nggak ada e nya ya smut"
    },
    {
        "soal": "Orang yang jarang pergi kemana-mana disebut?",
        "jawaban": "Kiper",
        "keterangan": "Lah kalo kemana-mana kebobolan dong!"
    },
    {
        "soal": "Dunia tak selebar daun??",
        "jawaban": "Betul",
        "keterangan": "Karena memang dunia tidak selebar daun"
    },
    {
        "soal": "Singkatan dari tanah",
        "jawaban": "Sda",
        "keterangan": "Benar! tanah, udara, dan air termasuk sda (sumber daya alam)"
    },
    {
        "soal": "Hewan pemakan rumput",
        "jawaban": "Kasihan",
        "keterangan": "Kasihan kan udah makan rumput dijadikan sate lagi.."
    },
    {
        "soal": "Motor yang kenceng apanya ?",
        "jawaban": "Bautnya",
        "keterangan": "Kalo gak kenceng bodynya lepas lah gimana ?"
    },
    {
        "soal": "Kendaraan yang di tarik kuda..",
        "jawaban": "Gaaman",
        "keterangan": "Karena ditarik seekor kuda kendaraanya bisa kecelakaan"
    },
    {
        "soal": "Teman tarzan itu..",
        "jawaban": "Kamu",
        "keterangan": "Kamu kan mirip kera, aku juga…"
    },
    {
        "soal": "Apa yg di lakukan ayah ketika bulan ramadhan",
        "jawaban": "Kerja",
        "keterangan": "Karna belum waktunya libur"
    },
    {
        "soal": "Sebelum tuhan menciptakan alam. tuhan menciptakan?",
        "jawaban": "Vetyvera",
        "keterangan": "Vetyvera kakak nya alam, duluan pasti lah ya"
    },
    {
        "soal": "Mahluk hidup yang mempunyai persediaan air",
        "jawaban": "Unta",
        "keterangan": "…"
    },
    {
        "soal": "20 dibagi 2 dihitung…",
        "jawaban": "Sedekah",
        "keterangan": "Kan uang 20 dibagi 2 dihitung sedekah"
    },
    {
        "soal": "Gajah mati tinggalkan..",
        "jawaban": "Dangnya",
        "keterangan": "Tinggal-kandangnya, kalau di hutan tinggalkan hutannya.."
    },
    {
        "soal": "Galang menyimpan buku di…",
        "jawaban": "Mas",
        "keterangan": "Bukunya dimas dipinjam galang kemarin sore"
    },
    {
        "soal": "Barang yang bisa di pinjam",
        "jawaban": "Ada",
        "keterangan": "Kalo ga ada ya ga bisa di pinjam"
    },
    {
        "soal": "Cicak biasanya makan?",
        "jawaban": "Nyammm",
        "keterangan": "Begitu bunyinya"
    },
    {
        "soal": "Hujan turun dari..",
        "jawaban": "Magrib",
        "keterangan": "Karena ashar belum turun"
    },
    {
        "soal": "Seruling bila di tiup akan?",
        "jawaban": "Basah",
        "keterangan": "Coba aja pegang seruling kalian kalo habis di tiup.."
    },
    {
        "soal": "Kebanyakan orang tidur waktu",
        "jawaban": "Merem",
        "keterangan": "Kalau gak merem ya bukan tidur"
    },
    {
        "soal": "Duluan telur apa ayam",
        "jawaban": "Adam",
        "keterangan": "Karena duluan nabi adam didunia sebelum ayam dan telur"
    },
    {
        "soal": "Hari minggu disebut juga tanggal?",
        "jawaban": "Tidak",
        "keterangan": "Kalo hari ya hari, kalo tanggal ya tanggal"
    },
    {
        "soal": "Ketika berperang tentara membawa..",
        "jawaban": "Sepatunya",
        "keterangan": "Kalo nyeker sakit dong kakinya.."
    },
    {
        "soal": "Seekor ayam dinamakan ….",
        "jawaban": "Kenyang",
        "keterangan": "Yaa dina makan ayam kan jadi kenyang"
    },
    {
        "soal": "Bawa mobil harus bawa",
        "jawaban": "Satu",
        "keterangan": "Kalo bawa dua gimana coba ..?!?!"
    },
    {
        "soal": "Habis ….. sepah dibuang",
        "jawaban": "Makan",
        "keterangan": "Iyakan..kalau sudah dimakan ya dibuang"
    },
    {
        "soal": "Motor memiliki roda",
        "jawaban": "Iya",
        "keterangan": "Motor jelas punya roda klo gak punya gak bisa jalan dong"
    },
    {
        "soal": "Roda itu selalu….",
        "jawaban": "Berwarna",
        "keterangan": "Gak ada roda yang gak ada warnanya"
    },
    {
        "soal": "Di jalan raya biasanya ada..",
        "jawaban": "Lampu",
        "keterangan": "Kalo ga ada lampu ntar ga keliatan dong.."
    },
    {
        "soal": "Selain tarik tambang warga merayakan 17an dengan?",
        "jawaban": "Panjatkandoa",
        "keterangan": "Karna biar barokah"
    },
    {
        "soal": "Alat musik gesek",
        "jawaban": "Biasa",
        "keterangan": "Karena sudah biasa ada dipasaran"
    },
    {
        "soal": "Tempat ngopi disebut…",
        "jawaban": "Kali",
        "keterangan": "Hohoho enak kan ngopi dipinggir kali sore-sore.."
    },
    {
        "soal": "Unta hidup di…",
        "jawaban": "Alam",
        "keterangan": "Memang semua makhluk hidup tinggal di alam"
    },
    {
        "soal": "Apa sebutan untuk seorang yang telah mengambil kemudian pergi",
        "jawaban": "Mantan",
        "keterangan": "Karena mantan adalah pencuri hati yang menyakiti kemudian pergi"
    },
    {
        "soal": "Nasi sudah menjadi",
        "jawaban": "Syukur",
        "keterangan": "Kalau nasi sudah jadi yah harus bersyukur"
    },
    {
        "soal": "Yang sering dibawa dilihat dibaca pelajar",
        "jawaban": "Babv",
        "keterangan": "Bab lima ada disetiap buku pelajaran"
    },
    {
        "soal": "Pak rt bisa terbang",
        "jawaban": "Tiket",
        "keterangan": "Kalo mau terbang naik pesawat harus punya tiketKalo mau terbang naik pesawat harus punya tiket"
    },
    {
        "soal": "Kebiasaan apa yang dilakukan ketika minum kopi?",
        "jawaban": "Sruput",
        "keterangan": "Biar lebih berasa kopinya, ya gak!"
    },
    {
        "soal": "Pada lap terakhir rossi memotong marquest pasti….",
        "jawaban": "Kungan",
        "keterangan": "Rossi paling hebat di tikungan ."
    },
    {
        "soal": "Candi prambanan adalah peninggalan dari jaman..",
        "jawaban": "Dahulu",
        "keterangan": "Sekarang ga ada lagi yang bikin candi ya"
    },
    {
        "soal": "Anak tidak masuk sekolah karena…",
        "jawaban": "Diluar",
        "keterangan": "Kalo ada di dalem berarti dia masuk sekolah"
    },
    {
        "soal": "Teman yg membantu batman saat melawan 50 musuh adalah?",
        "jawaban": "Repot",
        "keterangan": "Repot lah 50 musuh….aduhhhh.."
    },
    {
        "soal": "Patung merlion ada di",
        "jawaban": "Tempatnya",
        "keterangan": "Ditempatnya dong, masa patung jalan-jalan"
    },
    {
        "soal": "Ikan bernafas dengan",
        "jawaban": "Tenang",
        "keterangan": "Kalo gelagapan bisa mati"
    },
    {
        "soal": "Motor jatuh karena",
        "jawaban": "Galiat",
        "keterangan": "Karena di depannya ada galian, dia galiat.. ya jatuh"
    },
    {
        "soal": "Orang mati karena kehilangan…",
        "jawaban": "Nafas",
        "keterangan": "Masa orang mati nafas"
    },
    {
        "soal": "Kalau semut kecil",
        "jawaban": "Hewan",
        "keterangan": "Saya gak salah kan?"
    },
    {
        "soal": "Bendera nkri warnanya….",
        "jawaban": "Cumaduaaja",
        "keterangan": "Kapan warnanya tiga?"
    },
    {
        "soal": "Pemain real madrid bernomor punggung 11",
        "jawaban": "Bule",
        "keterangan": "Kan gareth bale emang bule. gitu aja kok susah"
    },
    {
        "soal": "Ada raja",
        "jawaban": "Yatim",
        "keterangan": "Kan bapanya mati 🙁"
    },
    {
        "soal": "Teh diberi es jadi",
        "jawaban": "Seger",
        "keterangan": "Apalagi pas cuaca panas"
    },
    {
        "soal": "Kita melihat bintang di..",
        "jawaban": "Pundak",
        "keterangan": "Kan dipundak jendral, pangkat itu lho.."
    },
    {
        "soal": "Kaki menginjak kaca….",
        "jawaban": "Mata",
        "keterangan": "Yah ga bisa lihat…rusak kacamatanya…"
    },
    {
        "soal": "Bisa kuat makan bayam?",
        "jawaban": "Toploe",
        "keterangan": "Bener2 top, saya aja lemes klo bayam doang"
    },
    {
        "soal": "Perbuatan yang bikin heran",
        "jawaban": "Bersiul",
        "keterangan": "Tuh kan heran.."
    },
    {
        "soal": "Bagaimana cara menambah teman dalam waktu sekejap",
        "jawaban": "Nembakcewe",
        "keterangan": "Kalau di tolak pasti bilang kita temenan aja..kasian"
    },
    {
        "soal": "Yang sering mengganggu manusia saat ingin melakukan kebaikan?",
        "jawaban": "Nakal",
        "keterangan": "Kok mau berbuat baik di ganggu? nakal banget yah"
    },
    {
        "soal": "Jika mau pergi ke acara kondangan",
        "jawaban": "Anrapi",
        "keterangan": "Gitu dong, rapi kan ganteng"
    },
    {
        "soal": "Pohon yg tumbuh setelah bulan puasa",
        "jawaban": "Maaf",
        "keterangan": "Pohon maaf lahir batin ya"
    },
    {
        "soal": "Ada domba sebelas di truk",
        "jawaban": "Sebelas",
        "keterangan": "Kan cuma loncat doang gak kabur"
    },
    {
        "soal": "Jalan bebas macet",
        "jawaban": "Top",
        "keterangan": "Berarti jalan tol pasti top"
    },
    {
        "soal": "Yang membantu dokter…",
        "jawaban": "Sembuh",
        "keterangan": "Yang membantu dokter, insya allah sembuh.."
    },
    {
        "soal": "Pantai di jakarta?",
        "jawaban": "Abiss",
        "keterangan": "Lama lama abis karena limbah, sedih"
    },
    {
        "soal": "Hewan yang dapat berubah warna kulitnya",
        "jawaban": "Canggih",
        "keterangan": "(bunglon) karena hewan yang bisa berubah warna itu canggih kan!"
    },
    {
        "soal": "Apa yang biasa maling lakukan saat sabtu malam minggu",
        "jawaban": "Nyuci",
        "keterangan": "Soalnya bajunya bau, karena waktu jumat malam sabtu buat lari dikejar warga"
    },
    {
        "soal": "Hewan yang hinggap dimakanan",
        "jawaban": "Lapar",
        "keterangan": "Ya kan karena lapar"
    },
    {
        "soal": "Bersatu kita teguh bercerai kita…",
        "jawaban": "Pisah",
        "keterangan": "Klo sudah cerai yah pasti pisah lah"
    },
    {
        "soal": "Jakarta macet si….lewat",
        "jawaban": "Aplo",
        "keterangan": "Jakarta macet siap emang lo lewat ??"
    },
    {
        "soal": "Orang yang sering datang ke kampus",
        "jawaban": "Masihidup",
        "keterangan": "Yaa klo udah mati gak bisa ke kampus"
    },
    {
        "soal": "Dalam satu tahun…..bulan",
        "jawaban": "Cumasatu",
        "keterangan": "Walaupun nunggu lima tahun juga, bulan tetap satu jumlahnya."
    },
    {
        "soal": "Setelah lulus sekolah lanjut",
        "jawaban": "Pulang",
        "keterangan": "Pulang…kasih kabar orang tua, selamat yah!"
    },
    {
        "soal": "Seekor rusa memiliki..",
        "jawaban": "Temann",
        "keterangan": "Saking banyak teman nya ampe lebih n nya…"
    },
    {
        "soal": "Kartun ninja asal jepang",
        "jawaban": "Nonton",
        "keterangan": "Soalnya kartunnya seru"
    },
    {
        "soal": "Agus pengen bermain bola di..",
        "jawaban": "Bolehkan",
        "keterangan": "Dibolehkan sama orang tuanya, kalau enggak nanti agus nangis"
    },
    {
        "soal": "Hewan apa yang pintar memprediksi cuaca",
        "jawaban": "Harimau",
        "keterangan": "Harimau hujan, harimau panas, kalau malam harimau gelap.."
    },
    {
        "soal": "Bola apa yang mirip kucing?",
        "jawaban": "Bolaemon",
        "keterangan": "Hai baling baling bambuuu"
    },
    {
        "soal": "Yang mengemudikan kereta…",
        "jawaban": "Masagus",
        "keterangan": "Mas agus tetangga saya lho ya…."
    },
    {
        "soal": "Lari jarak jauh",
        "jawaban": "Malesah",
        "keterangan": "Kan jauh,belom lagi panas.."
    },
    {
        "soal": "Kalau tidur jangan lupa",
        "jawaban": "Bangun",
        "keterangan": "Kalo gak bangun bisa gawat"
    },
    {
        "soal": "Gorila apa yang sebesar gedung?",
        "jawaban": "Kegedean",
        "keterangan": "Mana ada gorila yang sebesar gedung…."
    },
    {
        "soal": "Sedikit sedikit lama lama jadi….",
        "jawaban": "Dikit",
        "keterangan": "Kan sedikit jadi dikit lh di ambil terus"
    },
    {
        "soal": "Pak polisi menilang pelanggar dengan?",
        "jawaban": "Prriit",
        "keterangan": "Kalau gak di prriiit gak minggir dong pelanggar nya"
    }
]
